dataset,best_dev_acc,best_dev_f1,best_epoch,final_train_acc,final_train_f1,final_dev_acc,final_dev_f1,fine_tune_mode,lr,epochs,batch_size,hidden_dropout_prob,pooling_config,use_simple_classifier,use_rdrop,rdrop_alpha,weight_decay,max_grad_norm,unuse_schedule,warmup_ratio,run_group,filename,prediction_prefix,checkpoint_path,path
SST,0.5158946412352406,0.49606684530104134,4,0.6161048689138576,0.5945733361854133,0.5158946412352406,0.49606684530104134,full-model,3e-05,5,64,0.2,last,False,False,1.0,0.01,1.0,False,0.06,SST,sweep-SST-mlp-lr-sweep-seed1-lr3em5-drop0p2-full-model-sst-summary.json,sweep-SST-mlp-lr-sweep-seed1-lr3em5-drop0p2-,checkpoints/sweep-SST-mlp-lr-sweep-seed1-lr3em5-drop0p2-sst.pt,runs/hyper-sweep/SST/sweep-SST-mlp-lr-sweep-seed1-lr3em5-drop0p2-full-model-sst-summary.json
SST,0.5131698455949137,0.48773380471824757,4,0.5838014981273408,0.5553777159872079,0.5131698455949137,0.48773380471824757,full-model,2e-05,5,64,0.1,last,False,False,1.0,0.01,1.0,False,0.06,SST,sweep-SST-mlp-dropout-sweep-seed1-lr2em5-drop0p1-full-model-sst-summary.json,sweep-SST-mlp-dropout-sweep-seed1-lr2em5-drop0p1-,checkpoints/sweep-SST-mlp-dropout-sweep-seed1-lr2em5-drop0p1-sst.pt,runs/hyper-sweep/SST/sweep-SST-mlp-dropout-sweep-seed1-lr2em5-drop0p1-full-model-sst-summary.json
SST,0.5113533151680291,0.4760367861847358,4,0.680126404494382,0.6580845730742928,0.5113533151680291,0.4760367861847358,full-model,2e-05,5,64,0.2,last,True,False,1.0,0,,True,,base_model,base-full-lr2e-5-ep5-seed2-full-model-sst-summary.json,base-full-lr2e-5-ep5-seed2-,checkpoints/sst.pt,runs/base_model/base-full-lr2e-5-ep5-seed2-full-model-sst-summary.json
SST,0.5077202543142597,0.4912026394262143,4,0.6213717228464419,0.5993147509941597,0.5077202543142597,0.4912026394262143,full-model,3e-05,5,64,0.2,last,False,False,1.0,0.01,1.0,False,0.06,SST,sweep-SST-mlp-lr-sweep-seed0-lr3em5-drop0p2-full-model-sst-summary.json,sweep-SST-mlp-lr-sweep-seed0-lr3em5-drop0p2-,checkpoints/sweep-SST-mlp-lr-sweep-seed0-lr3em5-drop0p2-sst.pt,runs/hyper-sweep/SST/sweep-SST-mlp-lr-sweep-seed0-lr3em5-drop0p2-full-model-sst-summary.json
SST,0.5059037238873751,0.4753167470939855,4,0.574438202247191,0.537417338048937,0.5059037238873751,0.4753167470939855,full-model,2e-05,5,64,0.2,,False,,,0.01,1.0,False,0.06,no-Rdrop-mlp,no-Rdrop-mlp-full-lr2e-5-ep5-full-model-sst-summary.json,no-Rdrop-mlp-full-lr2e-5-ep5-,checkpoints/no-Rdrop-full-lr2e-5-ep5-sst.pt,runs/no-Rdrop-mlp/no-Rdrop-mlp-full-lr2e-5-ep5-full-model-sst-summary.json
SST,0.5049954586739328,0.4707596465424798,4,0.5718632958801498,0.5353324426986242,0.5049954586739328,0.4707596465424798,full-model,2e-05,5,64,0.2,last,False,False,1.0,0.01,1.0,False,0.06,SST,sweep-SST-mlp-lr-sweep-seed1-lr2em5-drop0p2-full-model-sst-summary.json,sweep-SST-mlp-lr-sweep-seed1-lr2em5-drop0p2-,checkpoints/sweep-SST-mlp-lr-sweep-seed1-lr2em5-drop0p2-sst.pt,runs/hyper-sweep/SST/sweep-SST-mlp-lr-sweep-seed1-lr2em5-drop0p2-full-model-sst-summary.json
SST,0.5049954586739328,0.46850258721118454,2,0.579002808988764,0.5483851707377356,0.4986376021798365,0.4740711208485873,full-model,2e-05,5,64,0.1,last,False,False,1.0,0.01,1.0,False,0.06,SST,sweep-SST-mlp-dropout-sweep-seed0-lr2em5-drop0p1-full-model-sst-summary.json,sweep-SST-mlp-dropout-sweep-seed0-lr2em5-drop0p1-,checkpoints/sweep-SST-mlp-dropout-sweep-seed0-lr2em5-drop0p1-sst.pt,runs/hyper-sweep/SST/sweep-SST-mlp-dropout-sweep-seed0-lr2em5-drop0p1-full-model-sst-summary.json
SST,0.5049954586739328,0.46325424098620954,3,0.6763810861423221,0.6502593315925093,0.5040871934604905,0.47208101986582995,full-model,2e-05,5,64,0.2,,True,,,0,,True,,base_model,base-full-lr2e-5-ep5-full-model-sst-summary.json,base-full-lr2e-5-ep5-,checkpoints/base-full-lr2e-5-ep5-sst.pt,runs/base_model/base-full-lr2e-5-ep5-full-model-sst-summary.json
SST,0.5031789282470481,0.4793371567836641,3,0.608497191011236,0.575577428497783,0.5004541326067211,0.4770471293294486,full-model,3e-05,5,64,0.2,last,False,False,1.0,0.01,1.0,False,0.06,SST,sweep-SST-mlp-lr-sweep-seed2-lr3em5-drop0p2-full-model-sst-summary.json,sweep-SST-mlp-lr-sweep-seed2-lr3em5-drop0p2-,checkpoints/sweep-SST-mlp-lr-sweep-seed2-lr3em5-drop0p2-sst.pt,runs/hyper-sweep/SST/sweep-SST-mlp-lr-sweep-seed2-lr3em5-drop0p2-full-model-sst-summary.json
SST,0.5031789282470481,0.45553161558955974,4,0.5711610486891385,0.5174144633767924,0.5031789282470481,0.45553161558955974,full-model,2e-05,5,64,0.2,last,False,False,1.0,0.01,1.0,False,0.06,SST,sweep-SST-mlp-lr-sweep-seed2-lr2em5-drop0p2-full-model-sst-summary.json,sweep-SST-mlp-lr-sweep-seed2-lr2em5-drop0p2-,checkpoints/sweep-SST-mlp-lr-sweep-seed2-lr2em5-drop0p2-sst.pt,runs/hyper-sweep/SST/sweep-SST-mlp-lr-sweep-seed2-lr2em5-drop0p2-full-model-sst-summary.json
SST,0.5022706630336058,0.45515100523114416,4,0.555126404494382,0.4992991814129434,0.5022706630336058,0.45515100523114416,full-model,2e-05,5,64,0.3,last,False,False,1.0,0.01,1.0,False,0.06,SST,sweep-SST-mlp-dropout-sweep-seed1-lr2em5-drop0p3-full-model-sst-summary.json,sweep-SST-mlp-dropout-sweep-seed1-lr2em5-drop0p3-,checkpoints/sweep-SST-mlp-dropout-sweep-seed1-lr2em5-drop0p3-sst.pt,runs/hyper-sweep/SST/sweep-SST-mlp-dropout-sweep-seed1-lr2em5-drop0p3-full-model-sst-summary.json
SST,0.5022706630336058,0.43220936390353193,2,0.5926966292134831,0.5546389515062423,0.5013623978201635,0.46060667500028474,full-model,2e-05,5,64,0.2,,True,,,0.01,1.0,False,0.06,no-Rdrop-simple,no-Rdrop-simple-full-lr2e-5-ep5-full-model-sst-summary.json,no-Rdrop-simple-full-lr2e-5-ep5-,checkpoints/no-Rdrop-simple-full-lr2e-5-ep5-sst.pt,runs/no-Rdrop-simple/no-Rdrop-simple-full-lr2e-5-ep5-full-model-sst-summary.json
SST,0.5013623978201635,0.4650856799521268,4,0.5877808988764045,0.5528100646581411,0.5013623978201635,0.4650856799521268,full-model,1e-05,5,64,0.2,,True,,,0,,True,,base_model,base-full-lr1e-5-ep5-full-model-sst-summary.json,base-full-lr1e-5-ep5-,checkpoints/base-full-lr1e-5-ep5-sst.pt,runs/base_model/base-full-lr1e-5-ep5-full-model-sst-summary.json
SST,0.5004541326067211,0.4553408979505065,4,0.5676498127340824,0.5177278144811497,0.5004541326067211,0.4553408979505065,full-model,2e-05,5,64,0.2,last_mean,False,True,1.0,0.01,1.0,False,0.06,Rdrop-last-mean-mlp,Rdrop-last-mean-mlp-full-lr2e-5-ep5-RdropAlpha1.0-full-model-sst-summary.json,Rdrop-last-mean-mlp-full-lr2e-5-ep5-RdropAlpha1.0-,checkpoints/sst.pt,runs/Rdrop-last-mean-mlp/Rdrop-last-mean-mlp-full-lr2e-5-ep5-RdropAlpha1.0-full-model-sst-summary.json
SST,0.4986376021798365,0.4465098094731822,4,0.5766619850187266,0.5280839338407486,0.4986376021798365,0.4465098094731822,full-model,2e-05,5,64,0.2,last_mean,True,True,1.0,0.01,1.0,False,0.06,Rdrop-last-mean-simple,Rdrop-last-mean-simple-full-lr2e-5-ep5-RdropAlpha1.0-full-model-sst-summary.json,Rdrop-last-mean-simple-full-lr2e-5-ep5-RdropAlpha1.0-,checkpoints/sst.pt,runs/Rdrop-last-mean-simple/Rdrop-last-mean-simple-full-lr2e-5-ep5-RdropAlpha1.0-full-model-sst-summary.json
SST,0.4986376021798365,0.43604005715247923,4,0.56437265917603,0.5070792765433174,0.4986376021798365,0.43604005715247923,full-model,2e-05,5,64,0.2,last_mean,True,True,2.0,0.01,1.0,False,0.06,Rdrop-last-mean-simple,Rdrop-last-mean-simple-full-lr2e-5-ep5-RdropAlpha2.0-full-model-sst-summary.json,Rdrop-last-mean-simple-full-lr2e-5-ep5-RdropAlpha2.0-,checkpoints/sst.pt,runs/Rdrop-last-mean-simple/Rdrop-last-mean-simple-full-lr2e-5-ep5-RdropAlpha2.0-full-model-sst-summary.json
SST,0.4977293369663942,0.45548845268227883,2,0.5838014981273408,0.5413586473754277,0.49227974568574023,0.45071620238228666,full-model,2e-05,5,64,0.2,last_mean,True,True,0.5,0.01,1.0,False,0.06,Rdrop-last-mean-simple,Rdrop-last-mean-simple-full-lr2e-5-ep5-RdropAlpha0.5-full-model-sst-summary.json,Rdrop-last-mean-simple-full-lr2e-5-ep5-RdropAlpha0.5-,checkpoints/sst.pt,runs/Rdrop-last-mean-simple/Rdrop-last-mean-simple-full-lr2e-5-ep5-RdropAlpha0.5-full-model-sst-summary.json
SST,0.49682107175295187,0.43869347582056745,4,0.5536048689138576,0.49152672031831124,0.49682107175295187,0.43869347582056745,full-model,2e-05,5,64,0.2,last_mean,False,True,2.0,0.01,1.0,False,0.06,Rdrop-last-mean-mlp,Rdrop-last-mean-mlp-full-lr2e-5-ep5-RdropAlpha2.0-full-model-sst-summary.json,Rdrop-last-mean-mlp-full-lr2e-5-ep5-RdropAlpha2.0-,checkpoints/sst.pt,runs/Rdrop-last-mean-mlp/Rdrop-last-mean-mlp-full-lr2e-5-ep5-RdropAlpha2.0-full-model-sst-summary.json
SST,0.49591280653950953,0.4566072826323058,3,0.5924625468164794,0.5633449731708029,0.4841053587647593,0.4500816421848617,full-model,1e-05,5,64,0.2,last,True,False,1.0,0,,True,,base_model,base-full-lr1e-5-ep5-seed2-full-model-sst-summary.json,base-full-lr1e-5-ep5-seed2-,checkpoints/sst.pt,runs/base_model/base-full-lr1e-5-ep5-seed2-full-model-sst-summary.json
SST,0.49591280653950953,0.45368052198713305,4,0.5742041198501873,0.5304626264073805,0.49591280653950953,0.45368052198713305,full-model,2e-05,5,64,0.2,last_mean,False,True,0.5,0.01,1.0,False,0.06,Rdrop-last-mean-mlp,Rdrop-last-mean-mlp-full-lr2e-5-ep5-RdropAlpha0.5-full-model-sst-summary.json,Rdrop-last-mean-mlp-full-lr2e-5-ep5-RdropAlpha0.5-,checkpoints/sst.pt,runs/Rdrop-last-mean-mlp/Rdrop-last-mean-mlp-full-lr2e-5-ep5-RdropAlpha0.5-full-model-sst-summary.json
SST,0.49591280653950953,0.4388671912894281,3,0.5555945692883895,0.5064474173727866,0.4841053587647593,0.4386604023746893,full-model,2e-05,5,64,0.3,last,False,False,1.0,0.01,1.0,False,0.06,SST,sweep-SST-mlp-dropout-sweep-seed0-lr2em5-drop0p3-full-model-sst-summary.json,sweep-SST-mlp-dropout-sweep-seed0-lr2em5-drop0p3-,checkpoints/sweep-SST-mlp-dropout-sweep-seed0-lr2em5-drop0p3-sst.pt,runs/hyper-sweep/SST/sweep-SST-mlp-dropout-sweep-seed0-lr2em5-drop0p3-full-model-sst-summary.json
SST,0.4950045413260672,0.4525759351747388,4,0.5829822097378277,0.535817021461287,0.4950045413260672,0.4525759351747388,full-model,2e-05,5,64,0.1,last,False,False,1.0,0.01,1.0,False,0.06,SST,sweep-SST-mlp-dropout-sweep-seed2-lr2em5-drop0p1-full-model-sst-summary.json,sweep-SST-mlp-dropout-sweep-seed2-lr2em5-drop0p1-,checkpoints/sweep-SST-mlp-dropout-sweep-seed2-lr2em5-drop0p1-sst.pt,runs/hyper-sweep/SST/sweep-SST-mlp-dropout-sweep-seed2-lr2em5-drop0p1-full-model-sst-summary.json
SST,0.49318801089918257,0.4357682120115733,3,0.5749063670411985,0.5279349340016497,0.4895549500454133,0.4444326634501644,full-model,2e-05,5,64,0.2,mean,True,True,1.0,0.01,1.0,False,0.06,Rdrop-mean-simple,Rdrop-mean-simple-full-lr2e-5-ep5-RdropAlpha1.0-full-model-sst-summary.json,Rdrop-mean-simple-full-lr2e-5-ep5-RdropAlpha1.0-,checkpoints/sst.pt,runs/Rdrop-mean-simple/Rdrop-mean-simple-full-lr2e-5-ep5-RdropAlpha1.0-full-model-sst-summary.json
SST,0.4913714804722979,0.4708240849890334,4,0.6447799625468165,0.6222397796112769,0.4913714804722979,0.4708240849890334,full-model,2e-05,5,64,0.2,last,True,False,1.0,0,,True,,base_model,base-full-lr2e-5-ep5-seed1-full-model-sst-summary.json,base-full-lr2e-5-ep5-seed1-,checkpoints/sst.pt,runs/base_model/base-full-lr2e-5-ep5-seed1-full-model-sst-summary.json
SST,0.4913714804722979,0.41510415166731435,4,0.5333567415730337,0.4631047972470472,0.4913714804722979,0.41510415166731435,full-model,1.5e-05,5,64,0.2,last,False,False,1.0,0.01,1.0,False,0.06,SST,sweep-SST-mlp-lr-sweep-seed1-lr1p5em5-drop0p2-full-model-sst-summary.json,sweep-SST-mlp-lr-sweep-seed1-lr1p5em5-drop0p2-,checkpoints/sweep-SST-mlp-lr-sweep-seed1-lr1p5em5-drop0p2-sst.pt,runs/hyper-sweep/SST/sweep-SST-mlp-lr-sweep-seed1-lr1p5em5-drop0p2-full-model-sst-summary.json
SST,0.4904632152588556,0.45664171654387664,4,0.5699906367041199,0.5340161541831898,0.4904632152588556,0.45664171654387664,full-model,2e-05,5,64,0.2,last_mean,False,,,0.01,1.0,False,0.06,no-Rdrop-last-mean,no-Rdrop-last_mean-mlp-full-lr2e-5-ep5-full-model-sst-summary.json,no-Rdrop-last_mean-mlp-full-lr2e-5-ep5-,checkpoints/no-Rdrop-last_mean-full-lr2e-5-ep5-sst.pt,runs/no-Rdrop-last-mean/no-Rdrop-last_mean-mlp-full-lr2e-5-ep5-full-model-sst-summary.json
SST,0.4904632152588556,0.4410337782622319,3,0.576310861423221,0.5347531733026469,0.48864668483197093,0.4453771541781073,full-model,2e-05,5,64,0.2,mean,True,True,0.5,0.01,1.0,False,0.06,Rdrop-mean-simple,Rdrop-mean-simple-full-lr2e-5-ep5-RdropAlpha0.5-full-model-sst-summary.json,Rdrop-mean-simple-full-lr2e-5-ep5-RdropAlpha0.5-,checkpoints/sst.pt,runs/Rdrop-mean-simple/Rdrop-mean-simple-full-lr2e-5-ep5-RdropAlpha0.5-full-model-sst-summary.json
SST,0.4904632152588556,0.43630067210233586,4,0.5697565543071161,0.5141853010979893,0.4904632152588556,0.43630067210233586,full-model,2e-05,5,64,0.2,mean,True,True,2.0,0.01,1.0,False,0.06,Rdrop-mean-simple,Rdrop-mean-simple-full-lr2e-5-ep5-RdropAlpha2.0-full-model-sst-summary.json,Rdrop-mean-simple-full-lr2e-5-ep5-RdropAlpha2.0-,checkpoints/sst.pt,runs/Rdrop-mean-simple/Rdrop-mean-simple-full-lr2e-5-ep5-RdropAlpha2.0-full-model-sst-summary.json
SST,0.4895549500454133,0.4207616737541753,4,0.5482209737827716,0.4754272220788211,0.4895549500454133,0.4207616737541753,full-model,2e-05,5,64,0.3,last,False,False,1.0,0.01,1.0,False,0.06,SST,sweep-SST-mlp-dropout-sweep-seed2-lr2em5-drop0p3-full-model-sst-summary.json,sweep-SST-mlp-dropout-sweep-seed2-lr2em5-drop0p3-,checkpoints/sweep-SST-mlp-dropout-sweep-seed2-lr2em5-drop0p3-sst.pt,runs/hyper-sweep/SST/sweep-SST-mlp-dropout-sweep-seed2-lr2em5-drop0p3-full-model-sst-summary.json
SST,0.4868301544050863,0.4206998769368872,2,0.5661282771535581,0.5270765443711357,0.485921889191644,0.45405766680425097,full-model,2e-05,5,64,0.2,last,False,False,1.0,0.01,1.0,False,0.06,SST,sweep-SST-mlp-lr-sweep-seed0-lr2em5-drop0p2-full-model-sst-summary.json,sweep-SST-mlp-lr-sweep-seed0-lr2em5-drop0p2-,checkpoints/sweep-SST-mlp-lr-sweep-seed0-lr2em5-drop0p2-sst.pt,runs/hyper-sweep/SST/sweep-SST-mlp-lr-sweep-seed0-lr2em5-drop0p2-full-model-sst-summary.json
SST,0.4841053587647593,0.39894117351548186,4,0.537687265917603,0.4463371985918501,0.4841053587647593,0.39894117351548186,full-model,1.5e-05,5,64,0.2,last,False,False,1.0,0.01,1.0,False,0.06,SST,sweep-SST-mlp-lr-sweep-seed2-lr1p5em5-drop0p2-full-model-sst-summary.json,sweep-SST-mlp-lr-sweep-seed2-lr1p5em5-drop0p2-,checkpoints/sweep-SST-mlp-lr-sweep-seed2-lr1p5em5-drop0p2-sst.pt,runs/hyper-sweep/SST/sweep-SST-mlp-lr-sweep-seed2-lr1p5em5-drop0p2-full-model-sst-summary.json
SST,0.4822888283378747,0.43173426736339326,4,0.5632022471910112,0.5171191827984568,0.4822888283378747,0.43173426736339326,full-model,1e-05,5,64,0.2,last,True,False,1.0,0,,True,,base_model,base-full-lr1e-5-ep5-seed1-full-model-sst-summary.json,base-full-lr1e-5-ep5-seed1-,checkpoints/sst.pt,runs/base_model/base-full-lr1e-5-ep5-seed1-full-model-sst-summary.json
SST,0.48138056312443234,0.42256223311111435,4,0.5359316479400749,0.4740287104250781,0.48138056312443234,0.42256223311111435,full-model,1.5e-05,5,64,0.2,last,False,False,1.0,0.01,1.0,False,0.06,SST,sweep-SST-mlp-lr-sweep-seed0-lr1p5em5-drop0p2-full-model-sst-summary.json,sweep-SST-mlp-lr-sweep-seed0-lr1p5em5-drop0p2-,checkpoints/sweep-SST-mlp-lr-sweep-seed0-lr1p5em5-drop0p2-sst.pt,runs/hyper-sweep/SST/sweep-SST-mlp-lr-sweep-seed0-lr1p5em5-drop0p2-full-model-sst-summary.json
SST,0.4786557674841054,0.4348084634861505,9,0.5304307116104869,0.48370371210158875,0.4786557674841054,0.4348084634861505,last-linear-layer,0.001,10,64,0.2,last_mean,True,True,1.0,0.01,1.0,False,0.06,Rdrop-last-mean-simple,Rdrop-last-mean-simple-linear-RdropAlpha1.0-last-linear-layer-sst-summary.json,Rdrop-last-mean-simple-linear-RdropAlpha1.0-,checkpoints/sst.pt,runs/Rdrop-last-mean-simple/Rdrop-last-mean-simple-linear-RdropAlpha1.0-last-linear-layer-sst-summary.json
SST,0.4786557674841054,0.3842203008676067,3,0.5316011235955056,0.45628490397593396,0.4768392370572207,0.39299390170635506,full-model,1e-05,5,64,0.2,,True,,,0.01,1.0,False,0.06,no-Rdrop-simple,no-Rdrop-simple-full-lr1e-5-ep5-full-model-sst-summary.json,no-Rdrop-simple-full-lr1e-5-ep5-,checkpoints/no-Rdrop-simple-full-lr1e-5-ep5-sst.pt,runs/no-Rdrop-simple/no-Rdrop-simple-full-lr1e-5-ep5-full-model-sst-summary.json
SST,0.47774750227066304,0.3900722398624098,8,0.5324204119850188,0.4878393506667889,0.47411444141689374,0.4329277002720162,last-linear-layer,0.001,10,64,0.2,last_mean,True,True,0.5,0.01,1.0,False,0.06,Rdrop-last-mean-simple,Rdrop-last-mean-simple-linear-RdropAlpha0.5-last-linear-layer-sst-summary.json,Rdrop-last-mean-simple-linear-RdropAlpha0.5-,checkpoints/sst.pt,runs/Rdrop-last-mean-simple/Rdrop-last-mean-simple-linear-RdropAlpha0.5-last-linear-layer-sst-summary.json
SST,0.4768392370572207,0.36560774722528333,4,0.5088951310861424,0.38794045454677917,0.4768392370572207,0.36560774722528333,full-model,1e-05,5,64,0.2,,False,,,0.01,1.0,False,0.06,no-Rdrop-mlp,no-Rdrop-mlp-full-lr1e-5-ep5-full-model-sst-summary.json,no-Rdrop-mlp-full-lr1e-5-ep5-,checkpoints/no-Rdrop-full-lr1e-5-ep5-sst.pt,runs/no-Rdrop-mlp/no-Rdrop-mlp-full-lr1e-5-ep5-full-model-sst-summary.json
SST,0.4750227066303361,0.46003096650583064,3,0.5895365168539326,0.5555651030361147,0.4732061762034514,0.4412440140303813,full-model,2e-05,5,64,0.2,last,True,False,1.0,0,,True,,base_model,base-full-lr2e-5-ep5-seed0-full-model-sst-summary.json,base-full-lr2e-5-ep5-seed0-,checkpoints/sst.pt,runs/base_model/base-full-lr2e-5-ep5-seed0-full-model-sst-summary.json
SST,0.4750227066303361,0.3596481346754351,3,0.5067883895131086,0.38525177387794196,0.47411444141689374,0.3611029888318785,full-model,1e-05,5,64,0.2,last_mean,False,True,0.5,0.01,1.0,False,0.06,Rdrop-last-mean-mlp,Rdrop-last-mean-mlp-full-lr1e-5-ep5-RdropAlpha0.5-full-model-sst-summary.json,Rdrop-last-mean-mlp-full-lr1e-5-ep5-RdropAlpha0.5-,checkpoints/sst.pt,runs/Rdrop-last-mean-mlp/Rdrop-last-mean-mlp-full-lr1e-5-ep5-RdropAlpha0.5-full-model-sst-summary.json
SST,0.4732061762034514,0.4239130348803554,9,0.5244616104868914,0.47206944926363964,0.4732061762034514,0.4239130348803554,last-linear-layer,0.001,10,64,0.2,last_mean,True,True,2.0,0.01,1.0,False,0.06,Rdrop-last-mean-simple,Rdrop-last-mean-simple-linear-RdropAlpha2.0-last-linear-layer-sst-summary.json,Rdrop-last-mean-simple-linear-RdropAlpha2.0-,checkpoints/sst.pt,runs/Rdrop-last-mean-simple/Rdrop-last-mean-simple-linear-RdropAlpha2.0-last-linear-layer-sst-summary.json
SST,0.4732061762034514,0.41326489846647574,7,0.5105337078651685,0.44645021996570106,0.4641235240690282,0.40682509038081954,last-linear-layer,0.001,10,64,0.2,last_mean,False,True,0.5,0.01,1.0,False,0.06,Rdrop-last-mean-mlp,Rdrop-last-mean-mlp-linear-RdropAlpha0.5-last-linear-layer-sst-summary.json,Rdrop-last-mean-mlp-linear-RdropAlpha0.5-,checkpoints/sst.pt,runs/Rdrop-last-mean-mlp/Rdrop-last-mean-mlp-linear-RdropAlpha0.5-last-linear-layer-sst-summary.json
SST,0.4732061762034514,0.3691772076566696,8,0.48560393258426965,0.45337746537481394,0.4405086285195277,0.4163115655322466,last-linear-layer,0.001,10,64,0.2,last,True,False,1.0,0,,True,,base_model,base-linear-seed2-last-linear-layer-sst-summary.json,base-linear-seed2-,checkpoints/sst.pt,runs/base_model/base-linear-seed2-last-linear-layer-sst-summary.json
SST,0.47229791099000906,0.4240440929240862,4,0.5481039325842697,0.491438385774989,0.47229791099000906,0.4240440929240862,full-model,2e-05,5,64,0.2,mean,False,True,1.0,0.01,1.0,False,0.06,Rdrop-mean-mlp,Rdrop-mean-mlp-full-lr2e-5-ep5-RdropAlpha1.0-full-model-sst-summary.json,Rdrop-mean-mlp-full-lr2e-5-ep5-RdropAlpha1.0-,checkpoints/sst.pt,runs/Rdrop-mean-mlp/Rdrop-mean-mlp-full-lr2e-5-ep5-RdropAlpha1.0-full-model-sst-summary.json
SST,0.4713896457765668,0.40637199360075,4,0.5360486891385767,0.4634694349373902,0.4713896457765668,0.40637199360075,full-model,2e-05,5,64,0.2,mean,False,True,2.0,0.01,1.0,False,0.06,Rdrop-mean-mlp,Rdrop-mean-mlp-full-lr2e-5-ep5-RdropAlpha2.0-full-model-sst-summary.json,Rdrop-mean-mlp-full-lr2e-5-ep5-RdropAlpha2.0-,checkpoints/sst.pt,runs/Rdrop-mean-mlp/Rdrop-mean-mlp-full-lr2e-5-ep5-RdropAlpha2.0-full-model-sst-summary.json
SST,0.4713896457765668,0.35468278706414064,4,0.4978932584269663,0.36291801995710704,0.4713896457765668,0.35468278706414064,full-model,1e-05,5,64,0.2,last_mean,False,True,2.0,0.01,1.0,False,0.06,Rdrop-last-mean-mlp,Rdrop-last-mean-mlp-full-lr1e-5-ep5-RdropAlpha2.0-full-model-sst-summary.json,Rdrop-last-mean-mlp-full-lr1e-5-ep5-RdropAlpha2.0-,checkpoints/sst.pt,runs/Rdrop-last-mean-mlp/Rdrop-last-mean-mlp-full-lr1e-5-ep5-RdropAlpha2.0-full-model-sst-summary.json
SST,0.47048138056312444,0.35512989262685124,4,0.5009363295880149,0.3706064761634279,0.47048138056312444,0.35512989262685124,full-model,1e-05,5,64,0.2,last_mean,False,True,1.0,0.01,1.0,False,0.06,Rdrop-last-mean-mlp,Rdrop-last-mean-mlp-full-lr1e-5-ep5-RdropAlpha1.0-full-model-sst-summary.json,Rdrop-last-mean-mlp-full-lr1e-5-ep5-RdropAlpha1.0-,checkpoints/sst.pt,runs/Rdrop-last-mean-mlp/Rdrop-last-mean-mlp-full-lr1e-5-ep5-RdropAlpha1.0-full-model-sst-summary.json
SST,0.4695731153496821,0.40509682613918213,7,0.5091292134831461,0.4567527940961993,0.4659400544959128,0.4248538272138481,last-linear-layer,0.001,10,64,0.2,last_mean,False,,,0.01,1.0,False,0.06,no-Rdrop-last-mean,no-Rdrop-last_mean-mlp-linear-last-linear-layer-sst-summary.json,no-Rdrop-last_mean-mlp-linear-,checkpoints/no-Rdrop-last_mean-linear-sst.pt,runs/no-Rdrop-last-mean/no-Rdrop-last_mean-mlp-linear-last-linear-layer-sst-summary.json
SST,0.4695731153496821,0.38599114026514114,4,0.5099485018726592,0.42984492936399415,0.4695731153496821,0.38599114026514114,full-model,1e-05,5,64,0.2,last_mean,True,True,0.5,0.01,1.0,False,0.06,Rdrop-last-mean-simple,Rdrop-last-mean-simple-full-lr1e-5-ep5-RdropAlpha0.5-full-model-sst-summary.json,Rdrop-last-mean-simple-full-lr1e-5-ep5-RdropAlpha0.5-,checkpoints/sst.pt,runs/Rdrop-last-mean-simple/Rdrop-last-mean-simple-full-lr1e-5-ep5-RdropAlpha0.5-full-model-sst-summary.json
SST,0.4695731153496821,0.38540568823712673,4,0.504564606741573,0.4145870058131803,0.4695731153496821,0.38540568823712673,full-model,1e-05,5,64,0.2,last_mean,True,True,1.0,0.01,1.0,False,0.06,Rdrop-last-mean-simple,Rdrop-last-mean-simple-full-lr1e-5-ep5-RdropAlpha1.0-full-model-sst-summary.json,Rdrop-last-mean-simple-full-lr1e-5-ep5-RdropAlpha1.0-,checkpoints/sst.pt,runs/Rdrop-last-mean-simple/Rdrop-last-mean-simple-full-lr1e-5-ep5-RdropAlpha1.0-full-model-sst-summary.json
SST,0.46866485013623976,0.42260761525456375,3,0.5475187265917603,0.49811430887951635,0.4659400544959128,0.4202574184830711,full-model,2e-05,5,64,0.2,mean,False,True,0.5,0.01,1.0,False,0.06,Rdrop-mean-mlp,Rdrop-mean-mlp-full-lr2e-5-ep5-RdropAlpha0.5-full-model-sst-summary.json,Rdrop-mean-mlp-full-lr2e-5-ep5-RdropAlpha0.5-,checkpoints/sst.pt,runs/Rdrop-mean-mlp/Rdrop-mean-mlp-full-lr2e-5-ep5-RdropAlpha0.5-full-model-sst-summary.json
SST,0.4677565849227975,0.4215285340451647,9,0.48993445692883897,0.43574622854434253,0.4677565849227975,0.4215285340451647,last-linear-layer,0.001,10,64,0.2,mean,False,True,0.5,0.01,1.0,False,0.06,Rdrop-mean-mlp,Rdrop-mean-mlp-linear-RdropAlpha0.5-last-linear-layer-sst-summary.json,Rdrop-mean-mlp-linear-RdropAlpha0.5-,checkpoints/sst.pt,runs/Rdrop-mean-mlp/Rdrop-mean-mlp-linear-RdropAlpha0.5-last-linear-layer-sst-summary.json
SST,0.46684831970935514,0.41284539917591606,9,0.48045411985018727,0.42131326765289356,0.46684831970935514,0.41284539917591606,last-linear-layer,0.001,10,64,0.2,mean,True,True,0.5,0.01,1.0,False,0.06,Rdrop-mean-simple,Rdrop-mean-simple-linear-RdropAlpha0.5-last-linear-layer-sst-summary.json,Rdrop-mean-simple-linear-RdropAlpha0.5-,checkpoints/sst.pt,runs/Rdrop-mean-simple/Rdrop-mean-simple-linear-RdropAlpha0.5-last-linear-layer-sst-summary.json
SST,0.46684831970935514,0.4101140818886341,7,0.48139044943820225,0.4178169417606944,0.4604904632152589,0.40341854211475914,last-linear-layer,0.001,10,64,0.2,mean,True,True,1.0,0.01,1.0,False,0.06,Rdrop-mean-simple,Rdrop-mean-simple-linear-RdropAlpha1.0-last-linear-layer-sst-summary.json,Rdrop-mean-simple-linear-RdropAlpha1.0-,checkpoints/sst.pt,runs/Rdrop-mean-simple/Rdrop-mean-simple-linear-RdropAlpha1.0-last-linear-layer-sst-summary.json
SST,0.46684831970935514,0.3806004789206118,7,0.5029260299625468,0.42287970197621655,0.46684831970935514,0.3915422418366803,last-linear-layer,0.001,10,64,0.2,last_mean,False,True,1.0,0.01,1.0,False,0.06,Rdrop-last-mean-mlp,Rdrop-last-mean-mlp-linear-RdropAlpha1.0-last-linear-layer-sst-summary.json,Rdrop-last-mean-mlp-linear-RdropAlpha1.0-,checkpoints/sst.pt,runs/Rdrop-last-mean-mlp/Rdrop-last-mean-mlp-linear-RdropAlpha1.0-last-linear-layer-sst-summary.json
SST,0.4641235240690282,0.4040704037102799,7,0.4853698501872659,0.4025387666243013,0.45231607629427795,0.3655442278180808,last-linear-layer,0.001,10,64,0.2,,True,,,0.01,1.0,False,0.06,no-Rdrop-simple,no-Rdrop-simple-linear-last-linear-layer-sst-summary.json,no-Rdrop-simple-linear-,checkpoints/no-Rdrop-simple-linear-sst.pt,runs/no-Rdrop-simple/no-Rdrop-simple-linear-last-linear-layer-sst-summary.json
SST,0.46321525885558584,0.42929685066106904,9,0.4887640449438202,0.4443362939794387,0.46321525885558584,0.42929685066106904,last-linear-layer,0.001,10,64,0.2,mean,False,,,0.01,1.0,False,0.06,no-Rdrop-mean-mlp,no-Rdrop-mean-mlp-linear-last-linear-layer-sst-summary.json,no-Rdrop-mean-mlp-linear-,checkpoints/no-Rdrop-mean-linear-sst.pt,runs/no-Rdrop-mean-mlp/no-Rdrop-mean-mlp-linear-last-linear-layer-sst-summary.json
SST,0.46321525885558584,0.40803936820599207,7,0.48443352059925093,0.4177723669609311,0.46139872842870117,0.40035358478434435,last-linear-layer,0.001,10,64,0.2,mean,False,True,1.0,0.01,1.0,False,0.06,Rdrop-mean-mlp,Rdrop-mean-mlp-linear-RdropAlpha1.0-last-linear-layer-sst-summary.json,Rdrop-mean-mlp-linear-RdropAlpha1.0-,checkpoints/sst.pt,runs/Rdrop-mean-mlp/Rdrop-mean-mlp-linear-RdropAlpha1.0-last-linear-layer-sst-summary.json
SST,0.46139872842870117,0.3605966760145808,4,0.4964887640449438,0.3930901304079016,0.46139872842870117,0.3605966760145808,full-model,1e-05,5,64,0.2,last_mean,True,True,2.0,0.01,1.0,False,0.06,Rdrop-last-mean-simple,Rdrop-last-mean-simple-full-lr1e-5-ep5-RdropAlpha2.0-full-model-sst-summary.json,Rdrop-last-mean-simple-full-lr1e-5-ep5-RdropAlpha2.0-,checkpoints/sst.pt,runs/Rdrop-last-mean-simple/Rdrop-last-mean-simple-full-lr1e-5-ep5-RdropAlpha2.0-full-model-sst-summary.json
SST,0.4604904632152589,0.37985311308697306,9,0.48852996254681647,0.4055628180833919,0.4604904632152589,0.37985311308697306,last-linear-layer,0.001,10,64,0.2,,False,,,0.01,1.0,False,0.06,no-Rdrop-mlp,no-Rdrop-mlp-linear-last-linear-layer-sst-summary.json,no-Rdrop-mlp-linear-,checkpoints/no-Rdrop-linear-sst.pt,runs/no-Rdrop-mlp/no-Rdrop-mlp-linear-last-linear-layer-sst-summary.json
SST,0.45958219800181654,0.37675230336049054,3,0.4913389513108614,0.41244162007592217,0.45685740236148953,0.38280626078821367,full-model,1e-05,5,64,0.2,mean,True,True,1.0,0.01,1.0,False,0.06,Rdrop-mean-simple,Rdrop-mean-simple-full-lr1e-5-ep5-RdropAlpha1.0-full-model-sst-summary.json,Rdrop-mean-simple-full-lr1e-5-ep5-RdropAlpha1.0-,checkpoints/sst.pt,runs/Rdrop-mean-simple/Rdrop-mean-simple-full-lr1e-5-ep5-RdropAlpha1.0-full-model-sst-summary.json
SST,0.4586739327883742,0.3932977081381272,7,0.4799859550561798,0.406558793748413,0.45776566757493187,0.3910951365730732,last-linear-layer,0.001,10,64,0.2,mean,True,True,2.0,0.01,1.0,False,0.06,Rdrop-mean-simple,Rdrop-mean-simple-linear-RdropAlpha2.0-last-linear-layer-sst-summary.json,Rdrop-mean-simple-linear-RdropAlpha2.0-,checkpoints/sst.pt,runs/Rdrop-mean-simple/Rdrop-mean-simple-linear-RdropAlpha2.0-last-linear-layer-sst-summary.json
SST,0.45685740236148953,0.3655387929792376,9,0.49332865168539325,0.3997074780546309,0.45685740236148953,0.3655387929792376,last-linear-layer,0.001,10,64,0.2,last,True,False,1.0,0,,True,,base_model,base-linear-seed0-last-linear-layer-sst-summary.json,base-linear-seed0-,checkpoints/sst.pt,runs/base_model/base-linear-seed0-last-linear-layer-sst-summary.json
SST,0.4550408719346049,0.39473040492450917,4,0.4720271535580524,0.46175612447373704,0.42052679382379654,0.41099558033076067,last-linear-layer,0.001,10,64,0.2,last,True,False,1.0,0,,True,,base_model,base-linear-seed1-last-linear-layer-sst-summary.json,base-linear-seed1-,checkpoints/sst.pt,runs/base_model/base-linear-seed1-last-linear-layer-sst-summary.json
SST,0.4550408719346049,0.3418721766276231,6,0.4874765917602996,0.40938531295553054,0.44595821980018163,0.3643788593552931,last-linear-layer,0.001,10,64,0.2,,True,,,0,,True,,base_model,base-linear-last-linear-layer-sst-summary.json,base-linear-,checkpoints/base-linear-sst.pt,runs/base_model/base-linear-last-linear-layer-sst-summary.json
SST,0.45413260672116257,0.3578524532490891,3,0.49087078651685395,0.3972815568390676,0.4477747502270663,0.3532341293778024,full-model,1e-05,5,64,0.2,mean,True,True,2.0,0.01,1.0,False,0.06,Rdrop-mean-simple,Rdrop-mean-simple-full-lr1e-5-ep5-RdropAlpha2.0-full-model-sst-summary.json,Rdrop-mean-simple-full-lr1e-5-ep5-RdropAlpha2.0-,checkpoints/sst.pt,runs/Rdrop-mean-simple/Rdrop-mean-simple-full-lr1e-5-ep5-RdropAlpha2.0-full-model-sst-summary.json
SST,0.45322434150772023,0.33328418053843933,7,0.48256086142322097,0.3608691761672481,0.44686648501362397,0.3335569433459088,last-linear-layer,0.001,10,64,0.2,last_mean,False,True,2.0,0.01,1.0,False,0.06,Rdrop-last-mean-mlp,Rdrop-last-mean-mlp-linear-RdropAlpha2.0-last-linear-layer-sst-summary.json,Rdrop-last-mean-mlp-linear-RdropAlpha2.0-,checkpoints/sst.pt,runs/Rdrop-last-mean-mlp/Rdrop-last-mean-mlp-linear-RdropAlpha2.0-last-linear-layer-sst-summary.json
SST,0.45231607629427795,0.3788851380169411,3,0.4913389513108614,0.42094927974402785,0.44959128065395093,0.3827124021312882,full-model,1e-05,5,64,0.2,mean,True,True,0.5,0.01,1.0,False,0.06,Rdrop-mean-simple,Rdrop-mean-simple-full-lr1e-5-ep5-RdropAlpha0.5-full-model-sst-summary.json,Rdrop-mean-simple-full-lr1e-5-ep5-RdropAlpha0.5-,checkpoints/sst.pt,runs/Rdrop-mean-simple/Rdrop-mean-simple-full-lr1e-5-ep5-RdropAlpha0.5-full-model-sst-summary.json
SST,0.45231607629427795,0.37844012367537977,7,0.47062265917602997,0.38368523862031106,0.44868301544050865,0.3642932265534316,last-linear-layer,0.001,10,64,0.2,mean,False,True,2.0,0.01,1.0,False,0.06,Rdrop-mean-mlp,Rdrop-mean-mlp-linear-RdropAlpha2.0-last-linear-layer-sst-summary.json,Rdrop-mean-mlp-linear-RdropAlpha2.0-,checkpoints/sst.pt,runs/Rdrop-mean-mlp/Rdrop-mean-mlp-linear-RdropAlpha2.0-last-linear-layer-sst-summary.json
SST,0.45049954586739327,0.3415909759360372,3,0.48946629213483145,0.37483381169190755,0.44595821980018163,0.33228224864491424,full-model,1e-05,5,64,0.2,last_mean,False,,,0.01,1.0,False,0.06,no-Rdrop-last-mean,no-Rdrop-last_mean-mlp-full-lr1e-5-ep5-full-model-sst-summary.json,no-Rdrop-last_mean-mlp-full-lr1e-5-ep5-,checkpoints/no-Rdrop-last_mean-full-lr1e-5-ep5-sst.pt,runs/no-Rdrop-last-mean/no-Rdrop-last_mean-mlp-full-lr1e-5-ep5-full-model-sst-summary.json
SST,0.44232515894641233,0.38068596445730113,2,0.5188436329588015,0.467052350237506,0.44232515894641233,0.3952929293432085,full-model,2e-05,5,64,0.2,mean,False,,,0.01,1.0,False,0.06,no-Rdrop-mean-mlp,no-Rdrop-mean-mlp-full-lr2e-5-ep5-full-model-sst-summary.json,no-Rdrop-mean-mlp-full-lr2e-5-ep5-,checkpoints/no-Rdrop-mean-full-lr2e-5-ep5-sst.pt,runs/no-Rdrop-mean-mlp/no-Rdrop-mean-mlp-full-lr2e-5-ep5-full-model-sst-summary.json
SST,0.43505903723887374,0.3343414956905576,4,0.4731975655430712,0.3593390573122447,0.43505903723887374,0.3343414956905576,full-model,1e-05,5,64,0.2,mean,False,True,1.0,0.01,1.0,False,0.06,Rdrop-mean-mlp,Rdrop-mean-mlp-full-lr1e-5-ep5-RdropAlpha1.0-full-model-sst-summary.json,Rdrop-mean-mlp-full-lr1e-5-ep5-RdropAlpha1.0-,checkpoints/sst.pt,runs/Rdrop-mean-mlp/Rdrop-mean-mlp-full-lr1e-5-ep5-RdropAlpha1.0-full-model-sst-summary.json
SST,0.43415077202543145,0.3342879366065718,3,0.4738998127340824,0.368511671028888,0.4332425068119891,0.33532350623772966,full-model,1e-05,5,64,0.2,mean,False,True,0.5,0.01,1.0,False,0.06,Rdrop-mean-mlp,Rdrop-mean-mlp-full-lr1e-5-ep5-RdropAlpha0.5-full-model-sst-summary.json,Rdrop-mean-mlp-full-lr1e-5-ep5-RdropAlpha0.5-,checkpoints/sst.pt,runs/Rdrop-mean-mlp/Rdrop-mean-mlp-full-lr1e-5-ep5-RdropAlpha0.5-full-model-sst-summary.json
SST,0.4296094459582198,0.31852993519216516,4,0.46722846441947563,0.3430225865938912,0.4296094459582198,0.31852993519216516,full-model,1e-05,5,64,0.2,mean,False,True,2.0,0.01,1.0,False,0.06,Rdrop-mean-mlp,Rdrop-mean-mlp-full-lr1e-5-ep5-RdropAlpha2.0-full-model-sst-summary.json,Rdrop-mean-mlp-full-lr1e-5-ep5-RdropAlpha2.0-,checkpoints/sst.pt,runs/Rdrop-mean-mlp/Rdrop-mean-mlp-full-lr1e-5-ep5-RdropAlpha2.0-full-model-sst-summary.json
SST,0.4232515894641235,0.3797399350261065,4,0.4716760299625468,0.4229686189620182,0.4232515894641235,0.3797399350261065,full-model,1e-05,5,64,0.2,last,True,False,1.0,0,,True,,base_model,base-full-lr1e-5-ep5-seed0-full-model-sst-summary.json,base-full-lr1e-5-ep5-seed0-,checkpoints/sst.pt,runs/base_model/base-full-lr1e-5-ep5-seed0-full-model-sst-summary.json
SST,0.4196185286103542,0.2991224362564854,2,0.45271535580524347,0.3500863190063005,0.41326067211625794,0.31371398161194686,full-model,1e-05,5,64,0.2,mean,False,,,0.01,1.0,False,0.06,no-Rdrop-mean-mlp,no-Rdrop-mean-mlp-full-lr1e-5-ep5-full-model-sst-summary.json,no-Rdrop-mean-mlp-full-lr1e-5-ep5-,checkpoints/no-Rdrop-mean-full-lr1e-5-ep5-sst.pt,runs/no-Rdrop-mean-mlp/no-Rdrop-mean-mlp-full-lr1e-5-ep5-full-model-sst-summary.json
